firstName,lastName,organization,email,phone,address,city,state,country,postalCode
John,Doe,65,john.doe@example.com,555-1234,123 Elm St,Springfield,IL,US,62701
Jane,Smith,72,jane.smith@example.com,555-5678,456 Oak St,Metropolis,IL,US,62960
Michael,Johnson,80,michael.johnson@example.com,555-8765,789 Pine St,Gotham,NY,US,10001
Emily,Davis,60,emily.davis@example.com,555-4321,101 Maple St,Smallville,KS,US,66002
David,Martinez,77,david.martinez@example.com,555-6789,202 Birch St,Star City,CA,US,90210
Sarah,Lee,55,sarah.lee@example.com,555-9876,303 Cedar St,Central City,CA,US,94101
James,Brown,85,james.brown@example.com,555-5432,404 Walnut St,Bludhaven,NJ,US,07001
Linda,Garcia,68,linda.garcia@example.com,555-2109,505 Chestnut St,Coast City,CA,US,92626
Robert,Wilson,73,robert.wilson@example.com,555-6543,606 Spruce St,Hub City,TX,US,73301
Patricia,Anderson,59,patricia.anderson@example.com,555-3210,707 Fir St,Keystone City,PA,US,19001
Charles,Thomas,62,charles.thomas@example.com,555-7890,808 Redwood St,Opal City,FL,US,33101
Barbara,Moore,70,barbara.moore@example.com,555-0987,909 Aspen St,Gateway City,CA,US,94102
Daniel,Jackson,75,daniel.jackson@example.com,555-8765,1010 Cypress St,Midway City,CA,90211
Jennifer,White,58,jennifer.white@example.com,555-4321,1111 Hickory St,New Carthage,NY,US,10002
Matthew,Harris,79,matthew.harris@example.com,555-6789,1212 Poplar St,New Venice,FL,US,33102
Elizabeth,Martin,63,elizabeth.martin@example.com,555-9876,1313 Willow St,New York,NY,US,10003
Christopher,Thompson,74,christopher.thompson@example.com,555-5432,1414 Alder St,Los Angeles,CA,US,90001
Jessica,Martinez,67,jessica.martinez@example.com,555-2109,1515 Beech St,San Francisco,CA,US,94103
Joshua,Clark,81,joshua.clark@example.com,555-6543,1616 Elm St,Chicago,IL,US,60601
Amanda,Rodriguez,56,amanda.rodriguez@example.com,555-3210,1717 Oak St,Houston,TX,US,77001
Andrew,Lewis,78,andrew.lewis@example.com,555-7890,1818 Pine St,Phoenix,AZ,US,85001
Megan,Walker,61,megan.walker@example.com,555-0987,1919 Maple St,Philadelphia,PA,US,19002
Ryan,Hall,76,ryan.hall@example.com,555-8765,2020 Birch St,San Diego,CA,US,92101
Laura,Allen,57,laura.allen@example.com,555-4321,2121 Cedar St,Dallas,TX,US,75201
Brandon,Young,82,brandon.young@example.com,555-6789,2222 Walnut St,San Jose,CA,US,95101
Stephanie,Hernandez,64,stephanie.hernandez@example.com,555-9876,2323 Chestnut St,Austin,TX,US,73301
Justin,King,71,justin.king@example.com,555-5432,2424 Spruce St,Jacksonville,FL,US,32201
Rebecca,Wright,66,rebecca.wright@example.com,555-2109,2525 Fir St,Columbus,OH,US,43001
Aaron,Lopez,83,aaron.lopez@example.com,555-6543,2626 Redwood St,Indianapolis,IN,US,46201
Michelle,Scott,54,michelle.scott@example.com,555-3210,2727 Aspen St,Charlotte,NC,US,28201
Kevin,Green,77,kevin.green@example.com,555-7890,2828 Cypress St,Detroit,MI,US,48201
Kimberly,Adams,60,kimberly.adams@example.com,555-0987,2929 Hickory St,Memphis,TN,US,38101
Brian,Baker,69,brian.baker@example.com,555-8765,3030 Poplar St,Boston,MA,US,02101
Angela,Nelson,84,angela.nelson@example.com,555-4321,3131 Willow St,Seattle,WA,US,98101
Edward,Carter,55,edward.carter@example.com,555-6789,3232 Alder St,Denver,CO,US,80201
Melissa,Mitchell,72,melissa.mitchell@example.com,555-9876,3333 Beech St,Portland,OR,US,97201
Steven,Perez,65,steven.perez@example.com,555-5432,3434 Elm St,Las Vegas,NV,US,89101
Emily,Roberts,80,emily.roberts@example.com,555-2109,3535 Oak St,Miami,FL,US,33101
Paul,Turner,59,paul.turner@example.com,555-6543,3636 Pine St,Atlanta,GA,US,30301
Laura,Phillips,62,laura.phillips@example.com,555-3210,3737 Maple St,Orlando,FL,US,32801
Eric,Campbell,70,eric.campbell@example.com,555-7890,3838 Birch St,New Orleans,LA,US,70101
Rachel,Parker,75,rachel.parker@example.com,555-0987,3939 Cedar St,San Antonio,TX,US,78201
Jacob,Evans,58,jacob.evans@example.com,555-8765,4040 Walnut St,St. Louis,MO,US,63101
Hannah,Edwards,79,hannah.edwards@example.com,555-4321,4141 Chestnut St,Milwaukee,WI,US,53201
Nathan,Collins,63,nathan.collins@example.com,555-6789,4242 Spruce St,Minneapolis,MN,US,55401
Samantha,Stewart,74,samantha.stewart@example.com,555-9876,4343 Fir St,Kansas City,MO,US,64101
Benjamin,Sanchez,67,benjamin.sanchez@example.com,555-5432,4444 Redwood St,Oklahoma City,OK,US,73101
Victoria,Morris,81,victoria.morris@example.com,555-2109,4545 Aspen St,Albuquerque,NM,US,87101